# the primer were listed by the use frequency.			
forward	27F	AGAGTTTGATCMTGGCTCAG	V1~
forward	338F	ACTCCTACGGGAGGCAGCAG	V3~
forward	515F_Caporaso	GTGCCAGCMGCCGCGGTAA	V4~
forward	515F_Parada	GTGYCAGCMGCCGCGGTAA	V4~
			
forward	A306F	GCCCGGAGATGGGTACTGARA	V3~
forward	341F	CCTACGGGNGGCWGCAG	V3~
forward	341F_liurunqiu	CCTAYGGGRBGCASCAG	V3~
forward	B344F	CGGGAGGCAGCAGTVRGGAAT	V3~
forward	A350F	GCAGCAGKCGVGAAAMCTTT	V3~
forward	Arch516F	TGYCAGCCGCCGCGGTAAHACCVGC	V4_arch~
forward	799F	AACMGGATTAGATACCCKG	V5~
forward	939F	GAATTGACGGGGGCCCGCACAAG	V6~
forward	1115F	CAACGAGCGCAACCCT	V7~
forward	Arch519F	CAGCMGCCGCGGTAA	V4~
			
reverse	338R	TGCTGCCTCCCGTAGGAGT	~V2
reverse	338R_alt	GCWGCCWCCCGTAGGWGT	~V2
reverse	806R_Apprill	GGACTACNVGGGTWTCTAAT	~V4
reverse	806R_Caporaso	GGACTACHVGGGTWTCTAAT	~V4
			
reverse	785R	GACTACHVGGGTATCTAATCC	~V4
reverse	A713R	GCCTTCGCCACWGGTGGTC	~V4
reverse	B749R	CTTTCGYRCCTCAGCGTCAG	~V4
reverse	A751R	AGCTTTCRTCCCTCACYGTC	~V4
reverse	806R_liurunqiu	GGACTACNNGGGTATCTAAT	~V4
reverse	944R	GAATTAAACCACATGCTC	~V5
reverse	Arch855R	TCCCCCGCCAATTCCTTTAA	~V4_arch
reverse	1193R	ACGTCATCCCCACCTTCC	~V7
reverse	1378R	CGGTGTGTACAAGGCCCGGGAACG	~V8
reverse	1492R	TACGGYTACCTTGTTACGACTT	~V9
reverse	Arch1041R	GGCCATGCACCWCCTCTC	~V6
			
#ref	Full gene length: ~1 542 nt (E. coli K-12)		
#Region	start	end	
#V1	8	96	
#V2	97	306	
#V3	307	487	
#V4	488	746	
#V5	747	885	
#V6	886	1029	
#V7	1030	1180	
#V8	1181	1372	
#V9	1373	1468	
